Model,Accuracy,AUC-ROC,Precision,Recall,F1,MCC
AdaBoost,0.9490566037735849,0.9807692307692308,0.9521555021900212,0.9487891737891736,0.948840367745101,0.9009304938910923
DT,0.850943396226415,0.8860398860398861,0.8572557902552702,0.8510683760683759,0.8501779662568163,0.7082713604939055
GBM,0.9641509433962264,0.9807692307692308,0.9669456635318705,0.9638176638176639,0.9638506566371016,0.9307280588271765
KNN,0.8339622641509437,0.7692307692307692,0.8777894975374814,0.8342592592592591,0.827831487417021,0.7101821578835196
MLP,0.9716981132075473,0.9814814814814814,0.972521164021164,0.9720085470085469,0.9716806285341247,0.9445293453968484
NB,0.9509433962264151,0.9615384615384616,0.9549864992668106,0.9510683760683761,0.9508085103914382,0.9060393551843481
RF,0.9905660377358491,1.0,0.991005291005291,0.9905982905982906,0.9905593126403337,0.9816032913035716
SVM,0.9943396226415094,1.0,0.994510582010582,0.9943732193732193,0.994336932028386,0.9888837034075479
xGB,0.9735849056603773,1.0,0.9754340574557482,0.9735042735042736,0.973465738852541,0.9489290253533366
