Model,Accuracy,AUC-ROC,Precision,Recall,F1,MCC
AdaBoost,0.9660377358490567,0.9423076923076923,0.9686238825031929,0.966025641025641,0.9659540522744315,0.9346415872857149
DT,0.9377358490566039,0.9423076923076923,0.9463206999479942,0.9380341880341879,0.9372866488146598,0.8842793831037887
GBM,0.9792452830188679,1.0,0.9806481481481482,0.9793447293447294,0.9792061347192653,0.9599891807626431
KNN,0.9226415094339622,0.866096866096866,0.9298290830672643,0.9228632478632479,0.9221049079680617,0.8526231398257853
MLP,0.9603773584905662,0.9807692307692308,0.9621184055408195,0.9603276353276353,0.960311304059729,0.922441494234997
NB,0.9264150943396225,0.9038461538461539,0.9321845686158359,0.9264245014245015,0.9260820148604223,0.8585705535743717
RF,0.9962264150943396,1.0,0.9963624338624338,0.9962250712250713,0.9962237244812162,0.9925874071112517
SVM,0.9905660377358491,1.0,0.9908730158730158,0.9905982905982906,0.9905606565096022,0.9814711105187996
xGB,0.9754716981132077,0.9807692307692308,0.9772121875570152,0.9756410256410255,0.9754366999588975,0.9528504246858633
