Model,Accuracy,AUC-ROC,Precision,Recall,F1,MCC
AdaBoost,0.7851851851851851,0.511904761904762,0.6985372670807453,0.6692640692640692,0.670146749091606,0.362071228827275
DT,0.726984126984127,0.4642857142857143,0.6062436162870946,0.6016233766233767,0.5952206726836478,0.20650127254612122
GBM,0.7813492063492063,0.47619047619047616,0.6798121733339124,0.6336580086580087,0.6313850729016226,0.3037575484283235
KNN,0.7703703703703704,0.5833333333333334,0.6949358974358976,0.597943722943723,0.6090953742526362,0.2696684093898968
MLP,0.7456349206349205,0.5,0.619602521874261,0.5573593073593074,0.5477108634461756,0.16417446791521284
NB,0.7162698412698413,0.5476190476190476,0.611245756606505,0.6218614718614719,0.6119362147266512,0.2320088173273378
RF,0.7921957671957671,0.47619047619047616,0.7201021924934968,0.5977272727272727,0.5993311000850317,0.2836926302798577
SVM,0.7927248677248677,0.5,0.6701282051282051,0.5607142857142857,0.5411120839023245,0.22675844215023452
xGB,0.7814814814814814,0.4285714285714286,0.677644927536232,0.6287878787878788,0.6329134150873281,0.2990104341516637
