Model,Accuracy,AUC-ROC,Precision,Recall,F1,MCC
AdaBoost,0.9241417497231451,0.9761904761904762,0.9343351467373205,0.9242424242424242,0.9234834397406795,0.8584574337807597
DT,0.8627353266888151,0.9285714285714286,0.8868479221927498,0.8629870129870131,0.8599975918508459,0.7491882233559038
GBM,0.9455703211517165,0.9761904761904762,0.9501333521550912,0.9456709956709956,0.9453841900633956,0.895778994166568
KNN,0.8601328903654485,0.7857142857142857,0.8724191272037973,0.8600649350649352,0.8583461281368706,0.732226967656177
MLP,0.9383720930232557,0.8571428571428571,0.94109836102113,0.9384199134199134,0.9382678268980028,0.8795099747489269
NB,0.7441306755260244,0.6666666666666667,0.8315437402967053,0.7440476190476191,0.7246590185311053,0.5679838077983775
RF,0.955094130675526,0.9523809523809523,0.9584629211368343,0.9551948051948053,0.9549628865606967,0.9136404419903312
SVM,0.9762458471760798,1.0,0.9782361660079051,0.9762987012987013,0.9761848710941166,0.954528255511385
xGB,0.9479512735326688,0.9523809523809523,0.9508620365142105,0.9480519480519479,0.9478542383122643,0.8989033982825289
